{"loss": [13.147241592407227, 3.570667028427124, 3.4287784099578857, 3.100541114807129, 2.5520973205566406, 2.148233413696289, 1.793060302734375, 1.5230293273925781, 1.4494582414627075, 1.1803628206253052, 0.9900704622268677, 0.9169928431510925, 0.7645184993743896, 0.6268215179443359, 0.6464265584945679, 0.4557259678840637, 0.5268039107322693, 0.3367052376270294, 0.37935319542884827, 0.338673859834671, 0.2587641775608063, 0.23508116602897644, 0.22205348312854767, 0.16669586300849915, 0.18862232565879822, 0.176722913980484, 0.18791019916534424, 0.20062385499477386, 0.26246973872184753, 0.9304888248443604, 0.6624136567115784, 0.1525498330593109, 0.14898259937763214, 0.1442195624113083, 0.09671200811862946, 0.07296493649482727], "accuracy": [0.030818618834018707, 0.045264847576618195, 0.08796148002147675, 0.18780095875263214, 0.34060993790626526, 0.454253613948822, 0.5460674166679382, 0.614446222782135, 0.6619582772254944, 0.7165328860282898, 0.7601926326751709, 0.7833065986633301, 0.8317816853523254, 0.8581059575080872, 0.8497592210769653, 0.8937399387359619, 0.9004815220832825, 0.9197431802749634, 0.9210273027420044, 0.9335473775863647, 0.9451043605804443, 0.9486356377601624, 0.9563403129577637, 0.9672552347183228, 0.9621188044548035, 0.9630818367004395, 0.9624398350715637, 0.9672552347183228, 0.9550561904907227, 0.8940609693527222, 0.8789727091789246, 0.9691813588142395, 0.9727126955986023, 0.9717496037483215, 0.9807383418083191, 0.9842696785926819], "val_loss": [3.5601892471313477, 3.408050537109375, 3.049298048019409, 2.681025981903076, 2.048936605453491, 1.9475138187408447, 1.723313570022583, 1.4896327257156372, 1.5018030405044556, 1.3503283262252808, 1.107757329940796, 1.1238057613372803, 0.8797417283058167, 0.9624626040458679, 1.316519021987915, 1.1045235395431519, 0.580346941947937, 0.8486480116844177, 0.8778862357139587, 0.6432867646217346, 0.4821535348892212, 0.5392677783966064, 0.5293182134628296, 0.9606670141220093, 0.842299222946167, 0.870777428150177, 0.6331015229225159, 1.14251708984375, 1.040632963180542, 1.3926771879196167, 0.4381929636001587, 0.6157096028327942, 0.4630849361419678, 0.5511950850486755, 0.4897460639476776, 0.6304702758789062], "val_accuracy": [0.04843304678797722, 0.12820513546466827, 0.25356125831604004, 0.37321937084198, 0.5470085740089417, 0.5754985809326172, 0.6438746452331543, 0.6666666865348816, 0.6837607026100159, 0.7492877244949341, 0.7378917336463928, 0.7977207899093628, 0.8148148059844971, 0.809116780757904, 0.7663817405700684, 0.9002848863601685, 0.9145299196243286, 0.8689458966255188, 0.9230769276618958, 0.9116809368133545, 0.934472918510437, 0.9173789024353027, 0.94017094373703, 0.8945869207382202, 0.9059829115867615, 0.9088318943977356, 0.9259259104728699, 0.8774929046630859, 0.9173789024353027, 0.8347578644752502, 0.9230769276618958, 0.9116809368133545, 0.94017094373703, 0.9230769276618958, 0.9259259104728699, 0.9088318943977356]}